locality,lat,lng,metro_distance_km,it_hub_distance_km,hospital_count,school_count,mall_count,park_count,road_density,amenity_score,connectivity_score,police_count,industrial_count,crime_score,construction_count,road_construction_count,commercial_count,metro_proximity_score,it_proximity_score,growth_score
Gachibowli,17.443622,78.351964,3.2924,0.5089,11,2,18,48,554,1.54,1.1901,6,2,9.0041,4,16,106,8.3538,9.7455,4.4073
Madhapur,17.440892,78.39163,0.324,1.2468,20,24,18,38,1649,1.9493,3.5424,7,3,9.0871,41,18,246,9.838,9.3766,10.0
Kondapur,17.458791,78.373056,2.0009,1.6079,31,12,35,46,1538,2.4172,3.304,8,16,8.1743,15,18,250,8.9995,9.196,9.53
Banjara Hills,17.417746,78.439901,1.4771,6.8274,78,11,27,44,1900,3.1189,4.0816,10,1,4.8548,0,8,39,9.2614,6.5863,1.8413
Jubilee Hills,17.430836,78.410288,0.5002,3.421,30,21,12,54,839,2.2807,1.8024,4,5,8.1328,39,12,192,9.7499,8.2895,7.9836
Hitech City,17.469728,78.385241,0.5782,2.1492,21,4,20,46,1139,1.7739,2.4468,4,15,6.2656,43,13,149,9.7109,8.9254,6.6665
Kukatpally,17.493084,78.405441,2.7918,5.2005,77,25,46,44,2434,3.7427,5.2288,4,4,6.7635,1,9,33,8.6041,7.3998,1.6883
Miyapur,17.498161,78.356763,0.5536,4.2484,19,20,15,42,2354,1.8713,5.0569,2,16,6.1826,3,3,16,9.7232,7.8758,1.0643
Manikonda,17.399995,78.386169,2.9008,4.9302,8,12,19,32,3332,1.384,7.1579,1,1,7.8838,5,8,15,8.5496,7.5349,1.1535
Nallagandla,17.477483,78.306036,4.9275,5.5255,16,17,12,34,1120,1.54,2.406,2,1,7.6763,11,7,8,7.5362,7.2372,1.0012
Tellapur,17.450321,78.300918,7.18,5.2153,0,5,3,13,752,0.4094,1.6155,0,0,8.1743,8,27,6,6.41,7.3924,1.2925
Narsingi,17.387417,78.356624,5.1811,5.9152,3,5,3,8,1693,0.3704,3.6369,0,1,8.0913,12,4,16,7.4094,7.0424,1.2176
Kokapet,17.404254,78.330521,6.1677,4.4373,2,5,2,4,416,0.2534,0.8937,1,3,8.0913,10,3,57,6.9162,7.7813,2.5312
Financial District,17.404254,78.330521,6.1677,4.4373,2,5,2,4,416,0.2534,0.8937,1,3,8.0913,10,3,57,6.9162,7.7813,2.5312
Nanakramguda,17.42178,78.337978,4.9051,2.3436,2,5,3,15,294,0.4873,0.6316,4,3,8.5892,15,7,64,7.5474,8.8282,3.0047
Begumpet,17.446195,78.463016,0.3553,8.2467,48,17,26,69,1195,3.1189,2.5671,13,6,6.3485,0,8,31,9.8224,5.8766,1.5697
Ameerpet,17.437501,78.448251,0.0159,6.8198,91,26,44,148,2290,6.0234,4.9194,7,3,7.1369,0,8,29,9.9921,6.5901,1.5224
SR Nagar,17.445231,78.444912,0.7817,6.3391,72,30,32,167,2926,5.8674,6.2857,6,8,6.4315,0,8,25,9.6091,6.8304,1.385
Balkampet,17.446923,78.450451,0.4824,6.9114,70,27,33,155,2852,5.5556,6.1267,7,7,6.2656,0,8,24,9.7588,6.5443,1.3484
Moosapet,17.468531,78.42067,1.7782,4.2498,24,15,14,29,1973,1.5984,4.2385,3,10,5.8091,39,10,57,9.1109,7.8751,3.3873
Bowenpally,17.475537,78.479228,1.3521,10.3374,16,19,11,11,3160,1.1111,6.7884,3,2,6.5975,0,2,3,9.3239,4.8313,0.4619
Secunderabad,17.433725,78.500683,0.513,12.3692,54,24,14,78,3394,3.3138,7.2911,13,4,7.7178,0,1,23,9.7435,3.8154,1.097
Tarnaka,17.428548,78.537943,1.8566,16.3638,31,12,11,25,1758,1.54,3.7766,8,16,7.8838,3,0,8,9.0717,1.8181,0.5789
Malkajgiri,17.451176,78.5369,3.3103,16.0709,20,11,7,4,3962,0.8187,8.5113,4,16,7.5104,0,1,5,8.3449,1.9645,0.4206
Uppal,17.402509,78.561256,0.2842,19.402,18,18,24,8,3013,1.3255,6.4726,3,9,5.9751,7,3,10,9.8579,0.299,0.7861
Nagole,17.377531,78.560123,1.915,20.2314,17,4,19,20,2691,1.1696,5.7809,4,5,5.5187,1,3,13,9.0425,0.0,0.7277
LB Nagar,17.350162,78.551094,2.3145,20.8166,46,6,31,38,3236,2.3587,6.9517,6,3,5.0207,0,6,11,8.8428,0.0,0.7008
Dilsukhnagar,17.368431,78.523428,2.3128,17.2497,50,22,23,69,3555,3.1969,7.6369,12,6,5.5602,0,5,14,8.8436,1.3751,0.8099
Vanasthalipuram,17.330318,78.568278,3.6927,23.5556,34,7,20,38,3692,1.9298,7.9313,2,3,5.1452,1,6,5,8.1537,0.0,0.5066
Hayathnagar,17.328115,78.60454,7.5314,26.9374,5,6,5,17,2968,0.6433,6.3759,1,1,7.0954,1,1,7,6.2343,0.0,0.4189
Sainikpuri,17.489215,78.542489,7.1512,17.2118,16,8,16,32,2651,1.4035,5.695,0,0,8.1743,0,5,4,6.4244,1.3941,0.4208
Alwal,17.502229,78.508858,5.4782,14.3065,9,2,3,4,3504,0.3509,7.5274,2,0,8.1743,0,3,0,7.2609,2.8468,0.2931
Kompally,17.535487,78.509698,8.7216,16.226,0,3,0,3,1806,0.117,3.8797,0,1,7.3444,0,14,1,5.6392,1.887,0.5149
Medchal,17.633993,78.484315,18.9636,22.9508,2,0,0,0,2846,0.039,6.1139,0,0,7.9668,0,9,0,0.5182,0.0,0.2128
Shamirpet,17.594267,78.574388,17.8375,25.6416,0,0,0,0,1145,0.0,2.4597,0,0,8.1743,0,0,0,1.0813,0.0,0.0242
Bachupally,17.536648,78.364474,4.7603,8.5844,4,11,2,16,753,0.6433,1.6176,0,5,7.7593,0,3,3,7.6198,5.7078,0.4657
Nizampet,17.496293,78.395016,2.335,5.204,77,23,44,49,2856,3.7622,6.1353,4,12,6.4315,0,6,33,8.8325,7.398,1.6039
Pragathi Nagar,17.507022,78.396092,3.3525,6.3974,61,22,42,42,2409,3.2554,5.1751,4,13,6.39,0,4,33,8.3238,6.8013,1.5345
Chandanagar,17.487298,78.332214,1.9678,3.8668,38,22,18,30,2603,2.1053,5.5918,3,4,7.3029,13,9,12,9.0161,8.0666,1.2764
Mokila,17.434797,78.186294,18.4702,17.2602,0,0,0,1,348,0.0195,0.7476,0,0,8.1743,0,0,0,0.7649,1.3699,0.0477
Shankarpally,17.456729,78.131015,23.4226,23.1868,1,1,0,0,729,0.039,1.5661,0,1,8.0913,0,0,0,0.0,0.0,0.0
Rajendra Nagar,17.320031,78.40201,10.5585,13.9793,3,3,0,5,590,0.2144,1.2675,0,2,6.722,0,19,2,4.7207,3.0103,0.6648
Attapur,17.367224,78.430728,5.3445,10.2075,20,15,9,31,2864,1.462,6.1525,1,1,5.6432,0,7,3,7.3277,4.8963,0.5305
Mehdipatnam,17.394263,78.434251,3.3271,8.1134,49,15,16,59,1503,2.7096,3.2288,5,0,5.6017,0,8,15,8.3364,5.9433,1.0013
Tolichowki,17.40029,78.411805,3.4315,6.0468,24,9,9,59,3486,1.9688,7.4887,1,1,6.722,0,7,13,8.2843,6.9766,0.9338
Masab Tank,17.402962,78.450754,1.3268,8.7119,71,19,23,66,2590,3.4893,5.5639,12,1,4.1079,0,5,34,9.3366,5.6441,1.5872
Khairatabad,17.412974,78.461058,0.4567,9.0412,84,15,22,78,1951,3.8791,4.1912,15,3,4.8548,0,6,46,9.7716,5.4794,2.0181
Somajiguda,17.425505,78.45852,0.7389,8.236,77,19,33,72,1340,3.9181,2.8786,13,3,4.6058,0,10,47,9.6305,5.882,2.1469
Punjagutta,17.428696,78.451907,0.1927,7.4567,89,24,45,86,1758,4.7563,3.7766,10,1,5.4357,0,9,44,9.9037,6.2716,2.0387
Himayatnagar,17.403982,78.488194,1.9289,12.0653,86,44,23,73,2463,4.4055,5.2911,16,8,2.2407,0,4,24,9.0356,3.9673,1.1852
Shamshabad,17.265472,78.369702,17.1944,19.5429,2,0,0,0,1344,0.039,2.8872,0,1,6.556,0,0,0,1.4028,0.2286,0.0365
Adibatla,17.230899,78.5559,12.0208,30.309,2,1,0,1,262,0.078,0.5628,0,0,8.1743,0,0,1,3.9896,0.0,0.1228
Boduppal,17.398841,78.536622,1.4521,17.0371,22,12,14,14,2386,1.2086,5.1257,7,8,5.9751,2,3,9,9.2739,1.4815,0.6542
Ghatkesar,17.451084,78.684302,14.306,31.7068,1,5,1,4,2352,0.2144,5.0526,0,3,6.5145,0,1,1,2.847,0.0,0.1196
Peerzadiguda,17.401358,78.58157,2.093,21.5146,20,17,16,5,1701,1.1306,3.6541,4,7,6.2656,7,3,5,8.9535,0.0,0.5915
Nacharam,17.428494,78.55281,2.4036,17.9258,22,19,9,15,2304,1.2671,4.9495,5,18,7.0124,6,3,8,8.7982,1.0371,0.6895
Habsiguda,17.415476,78.542692,0.7589,17.1326,26,17,22,25,1016,1.7544,2.1826,6,10,7.1369,7,1,10,9.6205,1.4337,0.7615
Moula Ali,17.46171,78.55714,5.5923,18.2605,28,8,8,11,3267,1.0721,7.0183,2,18,7.0124,0,1,3,7.2039,0.8697,0.3035
Charminar,17.361602,78.474642,1.8784,13.6804,30,4,2,33,3139,1.345,6.7433,13,1,2.1162,0,1,10,9.0608,3.1598,0.631
Falaknuma,17.33266,78.475198,4.0829,16.1258,11,9,2,10,3980,0.6238,8.5499,3,1,5.1867,0,2,1,7.9585,1.9371,0.2995
Yapral,17.503054,78.540798,8.0819,17.4909,6,5,4,27,2891,0.8187,6.2105,0,0,8.1743,0,5,3,5.9591,1.2546,0.3737
Bandlaguda,17.371488,78.572727,2.7513,21.7262,9,4,5,29,2756,0.9162,5.9205,2,4,5.3527,1,2,9,8.6243,0.0,0.5618
Kothapet,17.375376,78.541242,3.1546,18.5201,51,17,29,19,2781,2.2612,5.9742,9,5,5.2697,1,3,13,8.4227,0.74,0.7304
Suchitra,17.502341,78.483936,4.3738,11.9407,7,4,4,2,489,0.3314,1.0505,2,2,7.3859,0,6,0,7.8131,4.0297,0.399
ECIL,17.463714,78.576156,6.9642,20.2883,21,7,3,8,588,0.7602,1.2632,1,31,5.7676,0,0,2,6.5179,0.0,0.2128
Balanagar,17.476822,78.421965,2.5561,4.8656,17,13,15,13,2291,1.1306,4.9216,4,11,6.1411,28,5,24,8.7219,7.5672,1.9071
Suraram,17.536095,78.418639,7.3662,10.1599,6,8,1,6,1048,0.4094,2.2513,1,2,8.1743,1,3,4,6.3169,4.92,0.4749
AS Rao Nagar,17.479869,78.550965,6.8131,17.8644,30,8,19,26,3533,1.6179,7.5897,1,9,7.5934,0,5,4,6.5934,1.0678,0.4173
Kapra,17.484636,78.561009,7.8247,19.0115,24,8,15,32,3152,1.54,6.7712,1,4,8.0083,0,5,4,6.0877,0.4942,0.3931
Amberpet,17.386178,78.511471,2.871,15.1626,71,20,19,67,3083,3.4503,6.623,16,6,5.9751,0,4,5,8.5645,2.4187,0.5027
Nampally,17.392399,78.470148,0.456,11.0651,84,39,20,76,2010,4.269,4.3179,16,4,1.1203,0,4,33,9.772,4.4675,1.5147
Abids,17.389478,78.477182,0.1254,11.8622,87,27,15,74,1807,3.9571,3.8818,17,6,0.2075,0,4,25,9.9373,4.0689,1.2412
Himayatsagar,17.324562,78.372152,11.3493,13.082,6,3,1,6,180,0.3119,0.3867,0,1,7.2199,0,0,0,4.3254,3.459,0.1741
Patancheru,17.528609,78.267425,9.2235,12.0027,5,9,4,1,1716,0.3704,3.6864,2,9,6.8465,0,2,1,5.3883,3.9986,0.2882
Isnapur,17.544125,78.197894,16.7404,19.0886,2,2,0,2,686,0.117,1.4737,0,6,7.3444,0,21,0,1.6298,0.4557,0.5162
Toopran,17.842008,78.479894,40.8467,44.4974,9,1,0,0,261,0.1949,0.5607,0,0,7.0539,0,0,0,0.0,0.0,0.0
Sadashivpet,17.632606,77.90277,49.5325,51.6253,2,0,0,0,12,0.039,0.0258,0,0,6.805,0,0,0,0.0,0.0,0.0
Zaheerabad,17.679403,77.615308,80.2502,82.1004,4,3,0,2,2371,0.1754,5.0934,0,0,6.3485,0,0,0,0.0,0.0,0.0
Tandur,17.254701,77.58583,85.2277,83.5727,13,2,4,0,1828,0.3704,3.927,1,0,8.0083,0,1,0,0.0,0.0,0.0224
Vikarabad,17.270285,77.745297,68.7218,66.7869,1,0,0,0,0,0.0195,0.0,0,0,8.1743,0,0,0,0.0,0.0,0.0
Chevella,17.313515,78.136751,29.0679,26.5514,4,0,0,0,442,0.078,0.9495,0,0,7.5934,0,0,0,0.0,0.0,0.0
Ibrahimpatnam,17.196169,78.648189,19.7922,39.7153,3,1,0,1,1822,0.0975,3.9141,1,0,8.3402,0,0,0,0.1039,0.0,0.0023
Nagaram,17.491011,78.613677,11.5757,24.6299,9,2,3,3,2788,0.3314,5.9893,0,16,6.8465,0,0,3,4.2122,0.0,0.1948
Dammaiguda,17.499288,78.583719,10.5802,21.7254,8,2,6,7,3662,0.4483,7.8668,1,5,7.9253,0,4,4,4.7099,0.0,0.3289
Dundigal,17.50621,78.505108,5.6091,14.1318,9,3,2,4,4104,0.3509,8.8163,2,0,8.0913,0,4,0,7.1955,2.9341,0.3159
Quthbullapur,17.496665,78.460645,4.0246,9.4952,21,17,10,4,3571,1.0136,7.6713,1,7,6.805,0,6,0,7.9877,5.2524,0.4302
Jeedimetla,17.519687,78.446888,6.9237,10.0937,16,20,9,5,1917,0.9747,4.1182,3,3,8.2573,0,3,0,6.5381,4.9531,0.324
Bahadurpura,17.357067,78.454542,3.6309,12.6379,18,13,1,34,2558,1.2865,5.4952,8,1,3.9834,0,0,7,8.1845,3.681,0.5001
Santoshnagar,17.363843,78.498442,0.251,15.3783,42,15,9,77,4212,2.7875,9.0483,17,3,3.2365,0,5,15,9.8745,2.3109,0.8874
Karmanghat,17.341006,78.532975,0.4641,19.8285,33,4,11,19,3712,1.306,7.9742,4,3,5.3112,0,3,8,9.768,0.0858,0.5557
Saroornagar,17.361165,78.538744,2.6988,19.0573,75,17,40,27,3168,3.0994,6.8056,7,5,4.4398,0,5,12,8.6506,0.4713,0.7183
Meerpet,17.454643,78.57155,5.8435,19.7517,13,7,1,4,2331,0.4873,5.0075,1,26,6.1826,0,4,2,7.0783,0.1242,0.3176
Badangpet,17.338347,78.522213,0.4712,19.131,38,4,6,16,2743,1.2476,5.8926,4,3,6.805,0,4,7,9.7644,0.4345,0.5523
Balapur,17.309071,78.502772,4.2503,20.0253,6,4,2,3,2084,0.2924,4.4769,1,1,6.888,0,1,0,7.8749,0.0,0.1984
Turkayamjal,17.287794,78.588516,7.9489,28.1349,2,2,1,5,1065,0.1949,2.2879,0,1,8.0913,1,0,0,6.0255,0.0,0.1571
Musheerabad,17.419142,78.498573,1.8989,12.4991,45,41,21,71,4655,3.4698,10.0,14,7,7.7593,0,3,25,9.0505,3.7504,1.1918
RTC X Roads,17.407032,78.496802,2.8989,12.7646,81,51,29,59,3177,4.2885,6.8249,13,8,4.6473,0,5,17,8.5505,3.6177,0.9541
Gandhi Nagar,17.412345,78.489919,2.4918,11.8683,65,45,20,82,2947,4.1326,6.3308,17,8,5.1037,0,3,30,8.7541,4.0659,1.36
Koti,17.384731,78.483664,0.6009,12.7284,82,25,15,62,2225,3.5867,4.7798,21,7,0.1245,0,4,24,9.6996,3.6358,1.1926
Sultan Bazar,17.387044,78.486965,1.0235,12.8742,85,32,16,72,2368,3.9961,5.087,21,7,0.0,0,3,25,9.4883,3.5629,1.1974
King Koti,17.393682,78.482395,0.8226,12.0694,90,38,21,76,1976,4.386,4.2449,15,8,10.0,0,4,31,9.5887,3.9653,1.4323
Troop Bazar,17.382437,78.470195,0.8623,11.7494,64,21,9,57,2749,2.9435,5.9055,19,3,0.6224,0,4,24,9.5688,4.1253,1.2006
Chirag Ali Lane,17.390417,78.474358,0.2019,11.5569,88,29,17,67,1843,3.9181,3.9592,17,5,0.8299,0,5,26,9.8991,4.2215,1.2996
Narayanguda,17.398116,78.488501,1.6362,12.3873,92,42,23,68,2608,4.386,5.6026,17,8,1.7012,0,5,24,9.1819,3.8064,1.2072
Vidyanagar,17.401935,78.509581,2.9206,14.2342,45,29,13,41,3230,2.4951,6.9388,11,8,4.7718,0,4,9,8.5397,2.8829,0.6467
Domalguda,17.407846,78.485,1.8464,11.5777,81,42,22,74,2173,4.269,4.6681,14,8,3.3195,0,3,32,9.0768,4.2111,1.4375
Goshamahal,17.380576,78.468846,1.0388,11.7756,222,108,50,133,2756,10.0,5.9205,19,2,1.0373,0,4,25,9.4806,4.1122,1.2319
Barkatpura,17.392612,78.496968,2.2509,13.4684,77,42,23,57,2777,3.8791,5.9656,15,8,2.0332,0,5,18,8.8745,3.2658,0.987
Greenlands,17.42921,78.455361,0.5459,7.7867,83,20,39,80,1509,4.3275,3.2417,10,1,5.3942,0,9,41,9.7271,6.1067,1.9305
Liberty,17.407102,78.476259,0.93,10.7747,84,39,18,77,1215,4.2495,2.6101,14,6,2.9876,0,6,41,9.535,4.6127,1.8257
Padmarao Nagar,17.425601,78.508515,0.8906,13.3486,45,29,16,71,3700,3.1384,7.9484,9,8,7.5519,0,1,22,9.5547,3.3257,1.0483
Marredpally,17.450794,78.504897,1.4407,12.676,55,20,16,33,2696,2.4172,5.7916,9,0,7.9253,0,1,18,9.2797,3.662,0.9155
West Marredpally,17.45121,78.502096,1.438,12.3792,55,22,16,38,2703,2.5536,5.8067,10,0,7.9253,0,1,18,9.281,3.8104,0.9188
Chilkalguda,17.431532,78.507162,0.2505,13.0861,49,25,14,71,3095,3.0994,6.6488,11,7,7.7178,0,1,22,9.8748,3.4569,1.0584
Trimulgherry,17.473821,78.510553,3.7561,13.5281,10,15,6,10,1610,0.7992,3.4586,4,1,8.0498,0,1,3,8.122,3.2359,0.377
Tilaknagar,17.39123,78.50601,2.9085,14.3885,52,28,15,63,3401,3.0799,7.3061,14,8,4.9378,0,4,7,8.5457,2.8057,0.5781
Karkhana,17.473214,78.511502,3.8328,13.6142,14,13,8,9,1606,0.8577,3.4501,4,1,8.0498,0,1,4,8.0836,3.1929,0.4087
SD Road,17.423064,78.346391,4.0034,1.9129,1,7,2,23,398,0.6433,0.855,5,3,8.7552,15,11,82,7.9983,9.0435,3.7128
Paradise,17.441705,78.487426,1.5197,10.8661,50,18,14,55,2474,2.6706,5.3147,13,2,7.9668,0,1,25,9.2401,4.567,1.1696
Rasoolpura,17.438691,78.473499,1.2125,9.4359,32,12,15,44,1581,2.0078,3.3963,15,2,7.5934,0,4,37,9.3938,5.282,1.6586
Bolarum,17.529823,78.515506,8.4305,16.3826,19,4,1,3,2515,0.5263,5.4028,1,0,8.0913,0,11,0,5.7847,1.8087,0.4158
Regimental Bazar,17.436018,78.500422,0.2703,12.3061,52,18,14,74,3038,3.0799,6.5263,13,2,8.1743,0,1,22,9.8649,3.8469,1.0669
Lalapet,17.43883,78.54187,2.7372,16.6483,27,15,14,20,3145,1.4815,6.7562,4,17,7.4274,6,0,6,8.6314,1.6759,0.5659
Ramanthapur,17.388504,78.537168,2.3658,17.5111,26,12,19,19,3331,1.4815,7.1557,12,5,6.2241,2,3,14,8.8171,1.2445,0.8064
Tukaram Gate,17.441072,78.522206,1.6547,14.5494,45,14,19,31,3227,2.1248,6.9323,8,4,9.1701,0,1,11,9.1727,2.7253,0.6574
Mallapur,17.440537,78.578855,4.8583,20.5511,6,8,13,2,2027,0.5653,4.3545,0,31,5.6017,5,3,2,7.5709,0.0,0.4153
