Locality,City,Project Name,Price (INR),Price/SqFt,Area (SqFt),BHK,Bathrooms,Property Type,Furnishing,Floor,Total Floors,Listed By,Posted On,Source,Scraped At
Abids,Hyderabad,N/A,"₹19.5 Cr₹14,444 /sqft13,500 sqft(1,254 sqm)Plot AreaPlot/LandReady To Move",N/A,"13,500 sqft(1,254 sqm)Plot Area",N/A,N/A,N/A,N/A,N/A,N/A,1mo agoOwner,N/A,99acres.com,2026-02-24 23:51:37
Abids,Hyderabad,N/A,"₹19.5 Cr₹14,444 /sqft",N/A,"13,500 sqft(1,254 sqm)Plot Area",N/A,N/A,N/A,N/A,N/A,N/A,N/A,N/A,99acres.com,2026-02-24 23:51:38
Abids,Hyderabad,N/A,"₹19.5 Cr₹14,444 /sqft",N/A,N/A,N/A,N/A,N/A,N/A,N/A,N/A,N/A,N/A,99acres.com,2026-02-24 23:51:38
Abids,Hyderabad,N/A,₹19.5 Cr,N/A,N/A,N/A,N/A,N/A,N/A,N/A,N/A,N/A,N/A,99acres.com,2026-02-24 23:51:38
Abids,Hyderabad,N/A,N/A,N/A,"13,500 sqft",N/A,N/A,N/A,N/A,N/A,N/A,N/A,N/A,99acres.com,2026-02-24 23:51:38
Abids,Hyderabad,N/A,N/A,N/A,Plot/Land,N/A,N/A,N/A,N/A,N/A,N/A,N/A,N/A,99acres.com,2026-02-24 23:51:38
Abids,Hyderabad,N/A,"₹65 Lac₹7,222 /sqft900 sqft(84 sqm)Carpet Area2 BHK(2 Baths)Ready To Move",N/A,900 sqft(84 sqm)Carpet Area,2 BHK Flat,N/A,2 BHK Flat,N/A,N/A,N/A,2mo agoOwner,N/A,99acres.com,2026-02-24 23:51:38
Abids,Hyderabad,N/A,N/A,N/A,N/A,2 BHK Flat,N/A,2 BHK Flat,N/A,N/A,N/A,N/A,N/A,99acres.com,2026-02-24 23:51:38
Abids,Hyderabad,N/A,"₹65 Lac₹7,222 /sqft",N/A,900 sqft(84 sqm)Carpet Area,2 BHK,N/A,N/A,N/A,N/A,N/A,N/A,N/A,99acres.com,2026-02-24 23:51:38
Abids,Hyderabad,N/A,"₹65 Lac₹7,222 /sqft",N/A,N/A,N/A,N/A,N/A,N/A,N/A,N/A,N/A,N/A,99acres.com,2026-02-24 23:51:38
Abids,Hyderabad,N/A,₹65 Lac,N/A,N/A,N/A,N/A,N/A,N/A,N/A,N/A,N/A,N/A,99acres.com,2026-02-24 23:51:38
Abids,Hyderabad,N/A,N/A,N/A,900 sqft,N/A,N/A,N/A,N/A,N/A,N/A,N/A,N/A,99acres.com,2026-02-24 23:51:38
Abids,Hyderabad,N/A,N/A,N/A,2 BHK,2 BHK,N/A,N/A,N/A,N/A,N/A,N/A,N/A,99acres.com,2026-02-24 23:51:38
Abids,Hyderabad,N/A,"₹45 Lac₹4,500 /sqft1,000 sqft(93 sqm)Built-up Area2 BHK(2 Baths)Ready To Move",N/A,"1,000 sqft(93 sqm)Built-up Area",2 BHK Flat,N/A,2 BHK Flat,N/A,N/A,N/A,1mo agoOwner,N/A,99acres.com,2026-02-24 23:51:38
Abids,Hyderabad,N/A,"₹45 Lac₹4,500 /sqft",N/A,"1,000 sqft(93 sqm)Built-up Area",2 BHK,N/A,N/A,N/A,N/A,N/A,N/A,N/A,99acres.com,2026-02-24 23:51:38
Abids,Hyderabad,N/A,"₹45 Lac₹4,500 /sqft",N/A,N/A,N/A,N/A,N/A,N/A,N/A,N/A,N/A,N/A,99acres.com,2026-02-24 23:51:38
Abids,Hyderabad,N/A,₹45 Lac,N/A,N/A,N/A,N/A,N/A,N/A,N/A,N/A,N/A,N/A,99acres.com,2026-02-24 23:51:38
Abids,Hyderabad,N/A,N/A,N/A,"1,000 sqft",N/A,N/A,N/A,N/A,N/A,N/A,N/A,N/A,99acres.com,2026-02-24 23:51:38
Abids,Hyderabad,N/A,"₹60 Lac₹6,315 /sqft950 sqft(88 sqm)Carpet Area2 BHK(2 Baths)Ready To Move",N/A,950 sqft(88 sqm)Carpet Area,2 BHK Flat,N/A,2 BHK Flat,N/A,N/A,N/A,2mo agoOwner,N/A,99acres.com,2026-02-24 23:51:38
Abids,Hyderabad,N/A,"₹60 Lac₹6,315 /sqft",N/A,950 sqft(88 sqm)Carpet Area,2 BHK,N/A,N/A,N/A,N/A,N/A,N/A,N/A,99acres.com,2026-02-24 23:51:38
Abids,Hyderabad,N/A,"₹60 Lac₹6,315 /sqft",N/A,N/A,N/A,N/A,N/A,N/A,N/A,N/A,N/A,N/A,99acres.com,2026-02-24 23:51:38
Abids,Hyderabad,N/A,₹60 Lac,N/A,N/A,N/A,N/A,N/A,N/A,N/A,N/A,N/A,N/A,99acres.com,2026-02-24 23:51:38
Abids,Hyderabad,N/A,N/A,N/A,950 sqft,N/A,N/A,N/A,N/A,N/A,N/A,N/A,N/A,99acres.com,2026-02-24 23:51:38
Abids,Hyderabad,N/A,"₹80 Lac₹8,000 /sqft1,000 sqft(93 sqm)Carpet Area2 BHK(2 Baths)Ready To Move",N/A,"1,000 sqft(93 sqm)Carpet Area",2 BHK Independent Builder Floor,N/A,N/A,N/A,N/A,N/A,6mo agoOwner,N/A,99acres.com,2026-02-24 23:51:38
Abids,Hyderabad,N/A,N/A,N/A,N/A,2 BHK Independent Builder Floor,N/A,N/A,N/A,N/A,N/A,N/A,N/A,99acres.com,2026-02-24 23:51:38
Abids,Hyderabad,N/A,"₹80 Lac₹8,000 /sqft",N/A,"1,000 sqft(93 sqm)Carpet Area",2 BHK,N/A,N/A,N/A,N/A,N/A,N/A,N/A,99acres.com,2026-02-24 23:51:38
Abids,Hyderabad,N/A,"₹80 Lac₹8,000 /sqft",N/A,N/A,N/A,N/A,N/A,N/A,N/A,N/A,N/A,N/A,99acres.com,2026-02-24 23:51:38
Abids,Hyderabad,N/A,₹80 Lac,N/A,N/A,N/A,N/A,N/A,N/A,N/A,N/A,N/A,N/A,99acres.com,2026-02-24 23:51:38
Abids,Hyderabad,N/A,"₹65 Lac₹6,770 /sqft960 sqft(89 sqm)Carpet Area2 BHK(2 Baths)Ready To Move",N/A,960 sqft(89 sqm)Carpet Area,2 BHK Flat,N/A,2 BHK Flat,N/A,N/A,N/A,7mo agoOwner,N/A,99acres.com,2026-02-24 23:51:39
Abids,Hyderabad,N/A,"₹65 Lac₹6,770 /sqft",N/A,960 sqft(89 sqm)Carpet Area,2 BHK,N/A,N/A,N/A,N/A,N/A,N/A,N/A,99acres.com,2026-02-24 23:51:39
Abids,Hyderabad,N/A,"₹65 Lac₹6,770 /sqft",N/A,N/A,N/A,N/A,N/A,N/A,N/A,N/A,N/A,N/A,99acres.com,2026-02-24 23:51:39
Abids,Hyderabad,N/A,N/A,N/A,960 sqft,N/A,N/A,N/A,N/A,N/A,N/A,N/A,N/A,99acres.com,2026-02-24 23:51:39
Abids,Hyderabad,N/A,"₹38 Lac₹7,600 /sqft600 sqft(56 sqm)Plot Area1 BHK(2 Baths)Ready To Move",N/A,600 sqft(56 sqm)Plot Area,1 BHK,N/A,N/A,N/A,N/A,N/A,7mo agoOwner,N/A,99acres.com,2026-02-24 23:51:39
Abids,Hyderabad,N/A,"₹38 Lac₹7,600 /sqft",N/A,600 sqft(56 sqm)Plot Area,1 BHK,N/A,N/A,N/A,N/A,N/A,N/A,N/A,99acres.com,2026-02-24 23:51:39
Abids,Hyderabad,N/A,"₹38 Lac₹7,600 /sqft",N/A,N/A,N/A,N/A,N/A,N/A,N/A,N/A,N/A,N/A,99acres.com,2026-02-24 23:51:39
Abids,Hyderabad,N/A,₹38 Lac,N/A,N/A,N/A,N/A,N/A,N/A,N/A,N/A,N/A,N/A,99acres.com,2026-02-24 23:51:39
Abids,Hyderabad,N/A,N/A,N/A,600 sqft,N/A,N/A,N/A,N/A,N/A,N/A,N/A,N/A,99acres.com,2026-02-24 23:51:39
Abids,Hyderabad,N/A,N/A,N/A,1 BHK,1 BHK,N/A,N/A,N/A,N/A,N/A,N/A,N/A,99acres.com,2026-02-24 23:51:39
Abids,Hyderabad,N/A,"₹40 Lac₹3,809 /sqft1,100 sqft(102 sqm)Built-up Area2 BHK(2 Baths)Ready To Move",N/A,"1,100 sqft(102 sqm)Built-up Area",2 BHK Flat,N/A,2 BHK Flat,N/A,N/A,N/A,6mo agoOwner,N/A,99acres.com,2026-02-24 23:51:39
Abids,Hyderabad,N/A,"₹40 Lac₹3,809 /sqft",N/A,"1,100 sqft(102 sqm)Built-up Area",2 BHK,N/A,N/A,N/A,N/A,N/A,N/A,N/A,99acres.com,2026-02-24 23:51:39
Abids,Hyderabad,N/A,"₹40 Lac₹3,809 /sqft",N/A,N/A,N/A,N/A,N/A,N/A,N/A,N/A,N/A,N/A,99acres.com,2026-02-24 23:51:39
Abids,Hyderabad,N/A,₹40 Lac,N/A,N/A,N/A,N/A,N/A,N/A,N/A,N/A,N/A,N/A,99acres.com,2026-02-24 23:51:39
Abids,Hyderabad,N/A,N/A,N/A,"1,100 sqft",N/A,N/A,N/A,N/A,N/A,N/A,N/A,N/A,99acres.com,2026-02-24 23:51:39
Abids,Hyderabad,N/A,"₹39 Lac₹3,420 /sqft1,228 sqft(114 sqm)Super Built-up Area2 BHK(2 Baths)Ready To Move",N/A,"1,228 sqft(114 sqm)Super Built-up Area",2 BHK Flat,N/A,2 BHK Flat,N/A,N/A,N/A,3mo agoOwner,N/A,99acres.com,2026-02-24 23:51:39
Abids,Hyderabad,N/A,"₹39 Lac₹3,420 /sqft",N/A,"1,228 sqft(114 sqm)Super Built-up Area",2 BHK,N/A,N/A,N/A,N/A,N/A,N/A,N/A,99acres.com,2026-02-24 23:51:39
Abids,Hyderabad,N/A,"₹39 Lac₹3,420 /sqft",N/A,N/A,N/A,N/A,N/A,N/A,N/A,N/A,N/A,N/A,99acres.com,2026-02-24 23:51:39
Abids,Hyderabad,N/A,₹39 Lac,N/A,N/A,N/A,N/A,N/A,N/A,N/A,N/A,N/A,N/A,99acres.com,2026-02-24 23:51:39
Abids,Hyderabad,N/A,N/A,N/A,"1,228 sqft",N/A,N/A,N/A,N/A,N/A,N/A,N/A,N/A,99acres.com,2026-02-24 23:51:39
Abids,Hyderabad,N/A,"₹82 Lac₹7,218 /sqft1,136 sqft(106 sqm)Carpet Area2 BHK(2 Baths)Ready To Move",N/A,"1,136 sqft(106 sqm)Carpet Area",2 BHK Flat,N/A,2 BHK Flat,N/A,N/A,N/A,Dealer·1w agoAyyappa Real Estate,N/A,99acres.com,2026-02-24 23:51:39
Abids,Hyderabad,N/A,"₹82 Lac₹7,218 /sqft",N/A,"1,136 sqft(106 sqm)Carpet Area",2 BHK,N/A,N/A,N/A,N/A,N/A,N/A,N/A,99acres.com,2026-02-24 23:51:39
Abids,Hyderabad,N/A,"₹82 Lac₹7,218 /sqft",N/A,N/A,N/A,N/A,N/A,N/A,N/A,N/A,N/A,N/A,99acres.com,2026-02-24 23:51:39
Abids,Hyderabad,N/A,₹82 Lac,N/A,N/A,N/A,N/A,N/A,N/A,N/A,N/A,N/A,N/A,99acres.com,2026-02-24 23:51:39
Abids,Hyderabad,N/A,N/A,N/A,"1,136 sqft",N/A,N/A,N/A,N/A,N/A,N/A,N/A,N/A,99acres.com,2026-02-24 23:51:40
Abids,Hyderabad,N/A,"₹55 Lac₹9,166 /sqft600 sqft(56 sqm)Built-up Area1 BHK(1 Bath)Ready To Move",N/A,600 sqft(56 sqm)Built-up Area,1 BHK,N/A,N/A,N/A,N/A,N/A,3mo agoOwner,N/A,99acres.com,2026-02-24 23:51:40
Abids,Hyderabad,N/A,"₹55 Lac₹9,166 /sqft",N/A,600 sqft(56 sqm)Built-up Area,1 BHK,N/A,N/A,N/A,N/A,N/A,N/A,N/A,99acres.com,2026-02-24 23:51:40
Abids,Hyderabad,N/A,"₹55 Lac₹9,166 /sqft",N/A,N/A,N/A,N/A,N/A,N/A,N/A,N/A,N/A,N/A,99acres.com,2026-02-24 23:51:40
Abids,Hyderabad,N/A,₹55 Lac,N/A,N/A,N/A,N/A,N/A,N/A,N/A,N/A,N/A,N/A,99acres.com,2026-02-24 23:51:40
Abids,Hyderabad,N/A,"₹80 Lac₹6,154 /sqft1,300 sqft(121 sqm)Built-up Area2 BHK(2 Baths)Ready To Move",N/A,"1,300 sqft(121 sqm)Built-up Area",2 BHK Flat,N/A,2 BHK Flat,N/A,N/A,N/A,3mo agoOwner,N/A,99acres.com,2026-02-24 23:51:40
Abids,Hyderabad,N/A,"₹80 Lac₹6,154 /sqft",N/A,"1,300 sqft(121 sqm)Built-up Area",2 BHK,N/A,N/A,N/A,N/A,N/A,N/A,N/A,99acres.com,2026-02-24 23:51:40
Abids,Hyderabad,N/A,"₹80 Lac₹6,154 /sqft",N/A,N/A,N/A,N/A,N/A,N/A,N/A,N/A,N/A,N/A,99acres.com,2026-02-24 23:51:40
Abids,Hyderabad,N/A,N/A,N/A,"1,300 sqft",N/A,N/A,N/A,N/A,N/A,N/A,N/A,N/A,99acres.com,2026-02-24 23:51:40
Abids,Hyderabad,N/A,"₹40 Lac₹5,000 /sqft800 sqft(74 sqm)Super Built-up Area2 BHK(2 Baths)Ready To Move",N/A,800 sqft(74 sqm)Super Built-up Area,2 BHK Flat,N/A,2 BHK Flat,N/A,N/A,N/A,7mo agoOwner,N/A,99acres.com,2026-02-24 23:51:40
Abids,Hyderabad,N/A,"₹40 Lac₹5,000 /sqft",N/A,800 sqft(74 sqm)Super Built-up Area,2 BHK,N/A,N/A,N/A,N/A,N/A,N/A,N/A,99acres.com,2026-02-24 23:51:40
Abids,Hyderabad,N/A,"₹40 Lac₹5,000 /sqft",N/A,N/A,N/A,N/A,N/A,N/A,N/A,N/A,N/A,N/A,99acres.com,2026-02-24 23:51:40
Abids,Hyderabad,N/A,N/A,N/A,800 sqft,N/A,N/A,N/A,N/A,N/A,N/A,N/A,N/A,99acres.com,2026-02-24 23:51:40
Abids,Hyderabad,N/A,"₹80 Lac₹8,333 /sqft1,040 sqft(97 sqm)Built-up Area2 BHK(2 Baths)Ready To Move",N/A,"1,040 sqft(97 sqm)Built-up Area",2 BHK Flat,N/A,2 BHK Flat,N/A,N/A,N/A,1mo agoOwner,N/A,99acres.com,2026-02-24 23:51:40
Abids,Hyderabad,N/A,"₹80 Lac₹8,333 /sqft",N/A,"1,040 sqft(97 sqm)Built-up Area",2 BHK,N/A,N/A,N/A,N/A,N/A,N/A,N/A,99acres.com,2026-02-24 23:51:40
Abids,Hyderabad,N/A,"₹80 Lac₹8,333 /sqft",N/A,N/A,N/A,N/A,N/A,N/A,N/A,N/A,N/A,N/A,99acres.com,2026-02-24 23:51:40
Abids,Hyderabad,N/A,N/A,N/A,"1,040 sqft",N/A,N/A,N/A,N/A,N/A,N/A,N/A,N/A,99acres.com,2026-02-24 23:51:40
Abids,Hyderabad,N/A,"₹80 Lac₹8,660 /sqft866 sqft(80 sqm)Built-up Area2 BHK(2 Baths)Ready To Move",N/A,866 sqft(80 sqm)Built-up Area,2 BHK Flat,N/A,2 BHK Flat,N/A,N/A,N/A,3w agoOwner,N/A,99acres.com,2026-02-24 23:51:40
Abids,Hyderabad,N/A,"₹80 Lac₹8,660 /sqft",N/A,866 sqft(80 sqm)Built-up Area,2 BHK,N/A,N/A,N/A,N/A,N/A,N/A,N/A,99acres.com,2026-02-24 23:51:40
Abids,Hyderabad,N/A,"₹80 Lac₹8,660 /sqft",N/A,N/A,N/A,N/A,N/A,N/A,N/A,N/A,N/A,N/A,99acres.com,2026-02-24 23:51:40
Abids,Hyderabad,N/A,N/A,N/A,866 sqft,N/A,N/A,N/A,N/A,N/A,N/A,N/A,N/A,99acres.com,2026-02-24 23:51:40
Abids,Hyderabad,N/A,"₹80 Lac₹8,121 /sqft985 sqft(92 sqm)Built-up Area2 BHK(2 Baths)Ready To Move",N/A,985 sqft(92 sqm)Built-up Area,2 BHK Flat,N/A,2 BHK Flat,N/A,N/A,N/A,1mo agoOwner,N/A,99acres.com,2026-02-24 23:51:40
Abids,Hyderabad,N/A,"₹80 Lac₹8,121 /sqft",N/A,985 sqft(92 sqm)Built-up Area,2 BHK,N/A,N/A,N/A,N/A,N/A,N/A,N/A,99acres.com,2026-02-24 23:51:41
Abids,Hyderabad,N/A,"₹80 Lac₹8,121 /sqft",N/A,N/A,N/A,N/A,N/A,N/A,N/A,N/A,N/A,N/A,99acres.com,2026-02-24 23:51:41
Abids,Hyderabad,N/A,N/A,N/A,985 sqft,N/A,N/A,N/A,N/A,N/A,N/A,N/A,N/A,99acres.com,2026-02-24 23:51:41
Abids,Hyderabad,N/A,"₹68 Lac₹6,055 /sqft1,123 sqft(104 sqm)Carpet Area2 BHK(2 Baths)Ready To Move",N/A,"1,123 sqft(104 sqm)Carpet Area",2 BHK Flat,N/A,2 BHK Flat,N/A,N/A,N/A,Dealer·3w agoAyyappa Real Estate,N/A,99acres.com,2026-02-24 23:51:41
Abids,Hyderabad,N/A,"₹68 Lac₹6,055 /sqft",N/A,"1,123 sqft(104 sqm)Carpet Area",2 BHK,N/A,N/A,N/A,N/A,N/A,N/A,N/A,99acres.com,2026-02-24 23:51:41
Abids,Hyderabad,N/A,"₹68 Lac₹6,055 /sqft",N/A,N/A,N/A,N/A,N/A,N/A,N/A,N/A,N/A,N/A,99acres.com,2026-02-24 23:51:41
Abids,Hyderabad,N/A,₹68 Lac,N/A,N/A,N/A,N/A,N/A,N/A,N/A,N/A,N/A,N/A,99acres.com,2026-02-24 23:51:41
Abids,Hyderabad,N/A,N/A,N/A,"1,123 sqft",N/A,N/A,N/A,N/A,N/A,N/A,N/A,N/A,99acres.com,2026-02-24 23:51:41
Abids,Hyderabad,N/A,"₹65 Lac₹6,149 /sqft1,057 sqft(98 sqm)Carpet Area2 BHK(2 Baths)Ready To Move",N/A,"1,057 sqft(98 sqm)Carpet Area",2 BHK Flat,N/A,2 BHK Flat,N/A,N/A,N/A,Dealer·1w agoAyyappa Real Estate,N/A,99acres.com,2026-02-24 23:51:41
Abids,Hyderabad,N/A,"₹65 Lac₹6,149 /sqft",N/A,"1,057 sqft(98 sqm)Carpet Area",2 BHK,N/A,N/A,N/A,N/A,N/A,N/A,N/A,99acres.com,2026-02-24 23:51:41
Abids,Hyderabad,N/A,"₹65 Lac₹6,149 /sqft",N/A,N/A,N/A,N/A,N/A,N/A,N/A,N/A,N/A,N/A,99acres.com,2026-02-24 23:51:41
Abids,Hyderabad,N/A,N/A,N/A,"1,057 sqft",N/A,N/A,N/A,N/A,N/A,N/A,N/A,N/A,99acres.com,2026-02-24 23:51:41
Abids,Hyderabad,N/A,"₹64 Lac₹5,446 /sqft1,175 sqft(109 sqm)Carpet Area2 BHK(2 Baths)Ready To Move",N/A,"1,175 sqft(109 sqm)Carpet Area",2 BHK Flat,N/A,2 BHK Flat,N/A,N/A,N/A,2mo agoOwner,N/A,99acres.com,2026-02-24 23:51:41
Abids,Hyderabad,N/A,"₹64 Lac₹5,446 /sqft",N/A,"1,175 sqft(109 sqm)Carpet Area",2 BHK,N/A,N/A,N/A,N/A,N/A,N/A,N/A,99acres.com,2026-02-24 23:51:41
Abids,Hyderabad,N/A,"₹64 Lac₹5,446 /sqft",N/A,N/A,N/A,N/A,N/A,N/A,N/A,N/A,N/A,N/A,99acres.com,2026-02-24 23:51:41
Abids,Hyderabad,N/A,₹64 Lac,N/A,N/A,N/A,N/A,N/A,N/A,N/A,N/A,N/A,N/A,99acres.com,2026-02-24 23:51:41
Abids,Hyderabad,N/A,N/A,N/A,"1,175 sqft",N/A,N/A,N/A,N/A,N/A,N/A,N/A,N/A,99acres.com,2026-02-24 23:51:41
Abids,Hyderabad,N/A,"₹65 Lac₹5,416 /sqft1,200 sqft(111 sqm)Built-up Area2 BHK(2 Baths)Ready To Move",N/A,"1,200 sqft(111 sqm)Built-up Area",2 BHK Flat,N/A,2 BHK Flat,N/A,N/A,N/A,3mo agoOwner,N/A,99acres.com,2026-02-24 23:51:41
Abids,Hyderabad,N/A,"₹65 Lac₹5,416 /sqft",N/A,"1,200 sqft(111 sqm)Built-up Area",2 BHK,N/A,N/A,N/A,N/A,N/A,N/A,N/A,99acres.com,2026-02-24 23:51:41
Abids,Hyderabad,N/A,"₹65 Lac₹5,416 /sqft",N/A,N/A,N/A,N/A,N/A,N/A,N/A,N/A,N/A,N/A,99acres.com,2026-02-24 23:51:41
Abids,Hyderabad,N/A,N/A,N/A,"1,200 sqft",N/A,N/A,N/A,N/A,N/A,N/A,N/A,N/A,99acres.com,2026-02-24 23:51:41
Abids,Hyderabad,N/A,"₹62 Lac₹7,898 /sqft785 sqft(73 sqm)Carpet Area2 BHK(2 Baths)Ready To Move",N/A,785 sqft(73 sqm)Carpet Area,2 BHK Flat,N/A,2 BHK Flat,N/A,N/A,N/A,6mo agoOwner,N/A,99acres.com,2026-02-24 23:51:41
Abids,Hyderabad,N/A,"₹62 Lac₹7,898 /sqft",N/A,785 sqft(73 sqm)Carpet Area,2 BHK,N/A,N/A,N/A,N/A,N/A,N/A,N/A,99acres.com,2026-02-24 23:51:41
Abids,Hyderabad,N/A,"₹62 Lac₹7,898 /sqft",N/A,N/A,N/A,N/A,N/A,N/A,N/A,N/A,N/A,N/A,99acres.com,2026-02-24 23:51:41
Abids,Hyderabad,N/A,₹62 Lac,N/A,N/A,N/A,N/A,N/A,N/A,N/A,N/A,N/A,N/A,99acres.com,2026-02-24 23:51:41
Abids,Hyderabad,N/A,N/A,N/A,785 sqft,N/A,N/A,N/A,N/A,N/A,N/A,N/A,N/A,99acres.com,2026-02-24 23:51:41
Abids,Hyderabad,N/A,"₹60 Lac₹5,825 /sqft1,030 sqft(96 sqm)Super Built-up Area2 BHK(2 Baths)Ready To Move",N/A,"1,030 sqft(96 sqm)Super Built-up Area",2 BHK Flat,N/A,2 BHK Flat,N/A,N/A,N/A,1w agoOwner,N/A,99acres.com,2026-02-24 23:51:41
Abids,Hyderabad,N/A,"₹60 Lac₹5,825 /sqft",N/A,"1,030 sqft(96 sqm)Super Built-up Area",2 BHK,N/A,N/A,N/A,N/A,N/A,N/A,N/A,99acres.com,2026-02-24 23:51:42
Abids,Hyderabad,N/A,"₹60 Lac₹5,825 /sqft",N/A,N/A,N/A,N/A,N/A,N/A,N/A,N/A,N/A,N/A,99acres.com,2026-02-24 23:51:42
Abids,Hyderabad,N/A,N/A,N/A,"1,030 sqft",N/A,N/A,N/A,N/A,N/A,N/A,N/A,N/A,99acres.com,2026-02-24 23:51:42
Abids,Hyderabad,N/A,"₹59 Lac₹5,576 /sqft1,058 sqft(98 sqm)Carpet Area2 BHK(2 Baths)Ready To Move",N/A,"1,058 sqft(98 sqm)Carpet Area",2 BHK Flat,N/A,2 BHK Flat,N/A,N/A,N/A,Dealer·3w agoAyyappa Real Estate,N/A,99acres.com,2026-02-24 23:51:42
Abids,Hyderabad,N/A,"₹59 Lac₹5,576 /sqft",N/A,"1,058 sqft(98 sqm)Carpet Area",2 BHK,N/A,N/A,N/A,N/A,N/A,N/A,N/A,99acres.com,2026-02-24 23:51:42
Abids,Hyderabad,N/A,"₹59 Lac₹5,576 /sqft",N/A,N/A,N/A,N/A,N/A,N/A,N/A,N/A,N/A,N/A,99acres.com,2026-02-24 23:51:42
Abids,Hyderabad,N/A,₹59 Lac,N/A,N/A,N/A,N/A,N/A,N/A,N/A,N/A,N/A,N/A,99acres.com,2026-02-24 23:51:42
Abids,Hyderabad,N/A,N/A,N/A,"1,058 sqft",N/A,N/A,N/A,N/A,N/A,N/A,N/A,N/A,99acres.com,2026-02-24 23:51:42
Abids,Hyderabad,N/A,"₹72 Lac₹6,611 /sqft1,089 sqft(101 sqm)Carpet Area2 BHK(2 Baths)Ready To Move",N/A,"1,089 sqft(101 sqm)Carpet Area",2 BHK Flat,N/A,2 BHK Flat,N/A,N/A,N/A,Dealer·3w agoAyyappa Real Estate,N/A,99acres.com,2026-02-24 23:51:42
Abids,Hyderabad,N/A,"₹72 Lac₹6,611 /sqft",N/A,"1,089 sqft(101 sqm)Carpet Area",2 BHK,N/A,N/A,N/A,N/A,N/A,N/A,N/A,99acres.com,2026-02-24 23:51:42
Abids,Hyderabad,N/A,"₹72 Lac₹6,611 /sqft",N/A,N/A,N/A,N/A,N/A,N/A,N/A,N/A,N/A,N/A,99acres.com,2026-02-24 23:51:42
Abids,Hyderabad,N/A,₹72 Lac,N/A,N/A,N/A,N/A,N/A,N/A,N/A,N/A,N/A,N/A,99acres.com,2026-02-24 23:51:42
Abids,Hyderabad,N/A,N/A,N/A,"1,089 sqft",N/A,N/A,N/A,N/A,N/A,N/A,N/A,N/A,99acres.com,2026-02-24 23:51:42
Abids,Hyderabad,N/A,"₹70 Lac₹6,517 /sqft1,074 sqft(100 sqm)Built-up Area2 BHK(2 Baths)Ready To Move",N/A,"1,074 sqft(100 sqm)Built-up Area",2 BHK Flat,N/A,2 BHK Flat,N/A,N/A,N/A,7mo agoOwner,N/A,99acres.com,2026-02-24 23:51:42
Abids,Hyderabad,N/A,"₹70 Lac₹6,517 /sqft",N/A,"1,074 sqft(100 sqm)Built-up Area",2 BHK,N/A,N/A,N/A,N/A,N/A,N/A,N/A,99acres.com,2026-02-24 23:51:42
Abids,Hyderabad,N/A,"₹70 Lac₹6,517 /sqft",N/A,N/A,N/A,N/A,N/A,N/A,N/A,N/A,N/A,N/A,99acres.com,2026-02-24 23:51:42
Abids,Hyderabad,N/A,₹70 Lac,N/A,N/A,N/A,N/A,N/A,N/A,N/A,N/A,N/A,N/A,99acres.com,2026-02-24 23:51:42
Abids,Hyderabad,N/A,N/A,N/A,"1,074 sqft",N/A,N/A,N/A,N/A,N/A,N/A,N/A,N/A,99acres.com,2026-02-24 23:51:42
Abids,Hyderabad,N/A,"₹72 Lac₹7,200 /sqft1,000 sqft(93 sqm)Carpet Area2 BHK(2 Baths)Ready To Move",N/A,"1,000 sqft(93 sqm)Carpet Area",2 BHK Flat,N/A,2 BHK Flat,N/A,N/A,N/A,5mo agoOwner,N/A,99acres.com,2026-02-24 23:51:42
Abids,Hyderabad,N/A,"₹72 Lac₹7,200 /sqft",N/A,"1,000 sqft(93 sqm)Carpet Area",2 BHK,N/A,N/A,N/A,N/A,N/A,N/A,N/A,99acres.com,2026-02-24 23:51:42
Abids,Hyderabad,N/A,"₹72 Lac₹7,200 /sqft",N/A,N/A,N/A,N/A,N/A,N/A,N/A,N/A,N/A,N/A,99acres.com,2026-02-24 23:51:42
Abids,Hyderabad,N/A,"₹78 Lac₹7,428 /sqft1,050 sqft(98 sqm)Super Built-up Area2 BHK(2 Baths)Ready To Move",N/A,"1,050 sqft(98 sqm)Super Built-up Area",2 BHK Flat,N/A,2 BHK Flat,N/A,N/A,N/A,Dealer·1w agoLakshmi Durga Rentals,N/A,99acres.com,2026-02-24 23:51:43
Abids,Hyderabad,N/A,"₹78 Lac₹7,428 /sqft",N/A,"1,050 sqft(98 sqm)Super Built-up Area",2 BHK,N/A,N/A,N/A,N/A,N/A,N/A,N/A,99acres.com,2026-02-24 23:51:43
Abids,Hyderabad,N/A,"₹78 Lac₹7,428 /sqft",N/A,N/A,N/A,N/A,N/A,N/A,N/A,N/A,N/A,N/A,99acres.com,2026-02-24 23:51:43
Abids,Hyderabad,N/A,₹78 Lac,N/A,N/A,N/A,N/A,N/A,N/A,N/A,N/A,N/A,N/A,99acres.com,2026-02-24 23:51:43
Abids,Hyderabad,N/A,N/A,N/A,"1,050 sqft",N/A,N/A,N/A,N/A,N/A,N/A,N/A,N/A,99acres.com,2026-02-24 23:51:43
Abids,Hyderabad,N/A,"₹58 Lac₹8,529 /sqft680 sqft(63 sqm)Carpet Area2 BHK(2 Baths)Ready To Move",N/A,680 sqft(63 sqm)Carpet Area,2 BHK Flat,N/A,2 BHK Flat,N/A,N/A,N/A,5mo agoOwner,N/A,99acres.com,2026-02-24 23:51:43
Abids,Hyderabad,N/A,"₹58 Lac₹8,529 /sqft",N/A,680 sqft(63 sqm)Carpet Area,2 BHK,N/A,N/A,N/A,N/A,N/A,N/A,N/A,99acres.com,2026-02-24 23:51:43
Abids,Hyderabad,N/A,"₹58 Lac₹8,529 /sqft",N/A,N/A,N/A,N/A,N/A,N/A,N/A,N/A,N/A,N/A,99acres.com,2026-02-24 23:51:43
Abids,Hyderabad,N/A,₹58 Lac,N/A,N/A,N/A,N/A,N/A,N/A,N/A,N/A,N/A,N/A,99acres.com,2026-02-24 23:51:43
Abids,Hyderabad,N/A,N/A,N/A,680 sqft,N/A,N/A,N/A,N/A,N/A,N/A,N/A,N/A,99acres.com,2026-02-24 23:51:43
Abids,Hyderabad,N/A,"₹56 Lac₹5,773 /sqft970 sqft(90 sqm)Carpet Area2 BHK(2 Baths)Ready To Move",N/A,970 sqft(90 sqm)Carpet Area,2 BHK Flat,N/A,2 BHK Flat,N/A,N/A,N/A,2mo agoOwner,N/A,99acres.com,2026-02-24 23:51:43
Abids,Hyderabad,N/A,"₹56 Lac₹5,773 /sqft",N/A,970 sqft(90 sqm)Carpet Area,2 BHK,N/A,N/A,N/A,N/A,N/A,N/A,N/A,99acres.com,2026-02-24 23:51:43
Abids,Hyderabad,N/A,"₹56 Lac₹5,773 /sqft",N/A,N/A,N/A,N/A,N/A,N/A,N/A,N/A,N/A,N/A,99acres.com,2026-02-24 23:51:43
Abids,Hyderabad,N/A,₹56 Lac,N/A,N/A,N/A,N/A,N/A,N/A,N/A,N/A,N/A,N/A,99acres.com,2026-02-24 23:51:43
Abids,Hyderabad,N/A,N/A,N/A,970 sqft,N/A,N/A,N/A,N/A,N/A,N/A,N/A,N/A,99acres.com,2026-02-24 23:51:43
Abids,Hyderabad,N/A,"₹56 Lac₹5,490 /sqft1,020 sqft(95 sqm)Carpet Area2 BHK(2 Baths)Ready To Move",N/A,"1,020 sqft(95 sqm)Carpet Area",2 BHK Flat,N/A,2 BHK Flat,N/A,N/A,N/A,Dealer·1w agoAyyappa Real Estate,N/A,99acres.com,2026-02-24 23:51:43
Abids,Hyderabad,N/A,"₹56 Lac₹5,490 /sqft",N/A,"1,020 sqft(95 sqm)Carpet Area",2 BHK,N/A,N/A,N/A,N/A,N/A,N/A,N/A,99acres.com,2026-02-24 23:51:43
Abids,Hyderabad,N/A,"₹56 Lac₹5,490 /sqft",N/A,N/A,N/A,N/A,N/A,N/A,N/A,N/A,N/A,N/A,99acres.com,2026-02-24 23:51:43
Abids,Hyderabad,N/A,N/A,N/A,"1,020 sqft",N/A,N/A,N/A,N/A,N/A,N/A,N/A,N/A,99acres.com,2026-02-24 23:51:43
Abids,Hyderabad,N/A,"₹55 Lac₹8,100 /sqft679 sqft(63 sqm)Super Built-up Area2 BHK(2 Baths)Ready To Move",N/A,679 sqft(63 sqm)Super Built-up Area,2 BHK Flat,N/A,2 BHK Flat,N/A,N/A,N/A,3mo agoOwner,N/A,99acres.com,2026-02-24 23:51:44
Abids,Hyderabad,N/A,"₹55 Lac₹8,100 /sqft",N/A,679 sqft(63 sqm)Super Built-up Area,2 BHK,N/A,N/A,N/A,N/A,N/A,N/A,N/A,99acres.com,2026-02-24 23:51:44
Abids,Hyderabad,N/A,"₹55 Lac₹8,100 /sqft",N/A,N/A,N/A,N/A,N/A,N/A,N/A,N/A,N/A,N/A,99acres.com,2026-02-24 23:51:44
Abids,Hyderabad,N/A,N/A,N/A,679 sqft,N/A,N/A,N/A,N/A,N/A,N/A,N/A,N/A,99acres.com,2026-02-24 23:51:44
Abids,Hyderabad,N/A,"₹55 Lac₹5,445 /sqft1,010 sqft(94 sqm)Built-up Area2 BHK(2 Baths)Ready To Move",N/A,"1,010 sqft(94 sqm)Built-up Area",2 BHK Flat,N/A,2 BHK Flat,N/A,N/A,N/A,1mo agoOwner,N/A,99acres.com,2026-02-24 23:51:44
Abids,Hyderabad,N/A,"₹55 Lac₹5,445 /sqft",N/A,"1,010 sqft(94 sqm)Built-up Area",2 BHK,N/A,N/A,N/A,N/A,N/A,N/A,N/A,99acres.com,2026-02-24 23:51:44
Abids,Hyderabad,N/A,"₹55 Lac₹5,445 /sqft",N/A,N/A,N/A,N/A,N/A,N/A,N/A,N/A,N/A,N/A,99acres.com,2026-02-24 23:51:44
Abids,Hyderabad,N/A,N/A,N/A,"1,010 sqft",N/A,N/A,N/A,N/A,N/A,N/A,N/A,N/A,99acres.com,2026-02-24 23:51:44
Abids,Hyderabad,N/A,"₹55 Lac₹6,111 /sqft900 sqft(84 sqm)Super Built-up Area2 BHK(2 Baths)Ready To Move",N/A,900 sqft(84 sqm)Super Built-up Area,2 BHK Flat,N/A,2 BHK Flat,N/A,N/A,N/A,6mo agoOwner,N/A,99acres.com,2026-02-24 23:51:44
Abids,Hyderabad,N/A,"₹55 Lac₹6,111 /sqft",N/A,900 sqft(84 sqm)Super Built-up Area,2 BHK,N/A,N/A,N/A,N/A,N/A,N/A,N/A,99acres.com,2026-02-24 23:51:44
Abids,Hyderabad,N/A,"₹55 Lac₹6,111 /sqft",N/A,N/A,N/A,N/A,N/A,N/A,N/A,N/A,N/A,N/A,99acres.com,2026-02-24 23:51:44
Abids,Hyderabad,N/A,"₹52 Lac₹6,500 /sqft800 sqft(74 sqm)Carpet Area2 BHK(2 Baths)Ready To Move",N/A,800 sqft(74 sqm)Carpet Area,2 BHK Flat,N/A,2 BHK Flat,N/A,N/A,N/A,Dealer·YesterdayIndividual Consultant,N/A,99acres.com,2026-02-24 23:51:44
Abids,Hyderabad,N/A,"₹52 Lac₹6,500 /sqft",N/A,800 sqft(74 sqm)Carpet Area,2 BHK,N/A,N/A,N/A,N/A,N/A,N/A,N/A,99acres.com,2026-02-24 23:51:45
Abids,Hyderabad,N/A,"₹52 Lac₹6,500 /sqft",N/A,N/A,N/A,N/A,N/A,N/A,N/A,N/A,N/A,N/A,99acres.com,2026-02-24 23:51:45
Abids,Hyderabad,N/A,₹52 Lac,N/A,N/A,N/A,N/A,N/A,N/A,N/A,N/A,N/A,N/A,99acres.com,2026-02-24 23:51:45
Abids,Hyderabad,N/A,"₹50 Lac₹6,666 /sqft750 sqft(70 sqm)Super Built-up Area2 BHK(2 Baths)Ready To Move",N/A,750 sqft(70 sqm)Super Built-up Area,2 BHK Flat,N/A,2 BHK Flat,N/A,N/A,N/A,6mo agoOwner,N/A,99acres.com,2026-02-24 23:51:45
Abids,Hyderabad,N/A,"₹50 Lac₹6,666 /sqft",N/A,750 sqft(70 sqm)Super Built-up Area,2 BHK,N/A,N/A,N/A,N/A,N/A,N/A,N/A,99acres.com,2026-02-24 23:51:45
Abids,Hyderabad,N/A,"₹50 Lac₹6,666 /sqft",N/A,N/A,N/A,N/A,N/A,N/A,N/A,N/A,N/A,N/A,99acres.com,2026-02-24 23:51:45
Abids,Hyderabad,N/A,₹50 Lac,N/A,N/A,N/A,N/A,N/A,N/A,N/A,N/A,N/A,N/A,99acres.com,2026-02-24 23:51:45
Abids,Hyderabad,N/A,N/A,N/A,750 sqft,N/A,N/A,N/A,N/A,N/A,N/A,N/A,N/A,99acres.com,2026-02-24 23:51:45
Abids,Hyderabad,N/A,"₹68 Lac₹7,798 /sqft872 sqft(81 sqm)Plot Area2 BHK(2 Baths)Ready To Move",N/A,872 sqft(81 sqm)Plot Area,2 BHK Independent Builder Floor,N/A,N/A,N/A,N/A,N/A,4d agoOwner,N/A,99acres.com,2026-02-24 23:51:45
Abids,Hyderabad,N/A,"₹68 Lac₹7,798 /sqft",N/A,872 sqft(81 sqm)Plot Area,2 BHK,N/A,N/A,N/A,N/A,N/A,N/A,N/A,99acres.com,2026-02-24 23:51:45
Abids,Hyderabad,N/A,"₹68 Lac₹7,798 /sqft",N/A,N/A,N/A,N/A,N/A,N/A,N/A,N/A,N/A,N/A,99acres.com,2026-02-24 23:51:45
Abids,Hyderabad,N/A,N/A,N/A,872 sqft,N/A,N/A,N/A,N/A,N/A,N/A,N/A,N/A,99acres.com,2026-02-24 23:51:45
