Locality,City,Project Name,Price (INR),Price/SqFt,Area (SqFt),BHK,Bathrooms,Property Type,Furnishing,Source,Scraped At
Nawab Saheb Kunta,Hyderabad,N/A,₹60.00 L,N/A,N/A,N/A,N/A,BUY,NOT_FURNISHED,nobroker.in,2026-02-25 15:36:45
Nawab Saheb Kunta,Hyderabad,N/A,₹40.00 L,N/A,N/A,N/A,N/A,BUY,SEMI_FURNISHED,nobroker.in,2026-02-25 15:36:45
Nawab Saheb Kunta,Hyderabad,N/A,₹1.00 Cr,N/A,1 sqft,N/A,N/A,BUY,NOT_FURNISHED,nobroker.in,2026-02-25 15:36:45
Nawab Saheb Kunta,Hyderabad,N/A,₹35.00 L,N/A,1 sqft,N/A,N/A,BUY,NOT_FURNISHED,nobroker.in,2026-02-25 15:36:45
Nawab Saheb Kunta,Hyderabad,N/A,₹22.00 L,N/A,828 sqft,N/A,N/A,BUY,NOT_FURNISHED,nobroker.in,2026-02-25 15:36:45
Nawab Saheb Kunta,Hyderabad,N/A,₹15.00 L,N/A,N/A,N/A,N/A,BUY,NOT_FURNISHED,nobroker.in,2026-02-25 15:36:45
Nawab Saheb Kunta,Hyderabad,N/A,₹65.00 L,N/A,1 sqft,N/A,N/A,BUY,NOT_FURNISHED,nobroker.in,2026-02-25 15:36:45
"Jahanuma, Nawab Saheb Kunta",Hyderabad,N/A,₹50.00 L,N/A,N/A,N/A,N/A,BUY,SEMI_FURNISHED,nobroker.in,2026-02-25 15:36:45
Gudi Ka Dawakhana,Hyderabad,N/A,₹55.00 L,N/A,1 sqft,N/A,N/A,BUY,NOT_FURNISHED,nobroker.in,2026-02-25 15:36:45
Yousufguda,Hyderabad,N/A,₹1.50 Cr,N/A,840 sqft,N/A,N/A,BUY,SEMI_FURNISHED,nobroker.in,2026-02-25 15:36:45
Nawab Saheb Kunta,Hyderabad,N/A,₹72.00 L,N/A,N/A,N/A,N/A,BUY,NOT_FURNISHED,nobroker.in,2026-02-25 15:36:45
Nawab Saheb Kunta,Hyderabad,N/A,₹18.00 L,N/A,750 sqft,N/A,N/A,BUY,NOT_FURNISHED,nobroker.in,2026-02-25 15:36:45
Nawab Saheb Kunta,Hyderabad,N/A,₹20.00 L,N/A,N/A,N/A,N/A,BUY,NOT_FURNISHED,nobroker.in,2026-02-25 15:36:45
Nawab Saheb Kunta,Hyderabad,N/A,₹28.00 L,N/A,1 sqft,N/A,N/A,BUY,NOT_FURNISHED,nobroker.in,2026-02-25 15:36:45
Nawab Saheb Kunta,Hyderabad,N/A,₹16.00 L,N/A,N/A,N/A,N/A,BUY,NOT_FURNISHED,nobroker.in,2026-02-25 15:36:45
Nawab Saheb Kunta,Hyderabad,N/A,₹85.00 L,N/A,N/A,N/A,N/A,BUY,SEMI_FURNISHED,nobroker.in,2026-02-25 15:36:45
Nawab Saheb Kunta,Hyderabad,N/A,₹42.00 L,N/A,642 sqft,N/A,N/A,BUY,NOT_FURNISHED,nobroker.in,2026-02-25 15:36:45
Nawab Saheb Kunta,Hyderabad,N/A,₹1.10 Cr,N/A,N/A,N/A,N/A,BUY,NOT_FURNISHED,nobroker.in,2026-02-25 15:36:45
Jahanuma,Hyderabad,N/A,₹1.50 Cr,N/A,900 sqft,N/A,N/A,BUY,SEMI_FURNISHED,nobroker.in,2026-02-25 15:36:45
Nawab Saheb Kunta,Hyderabad,N/A,₹1.20 Cr,N/A,1 sqft,N/A,N/A,BUY,NOT_FURNISHED,nobroker.in,2026-02-25 15:36:45
Nawab Saheb Kunta,Hyderabad,N/A,₹70.00 L,N/A,2 sqft,N/A,N/A,BUY,NOT_FURNISHED,nobroker.in,2026-02-25 15:36:45
Nawab Saheb Kunta,Hyderabad,N/A,₹21.00 L,N/A,340 sqft,N/A,N/A,BUY,NOT_FURNISHED,nobroker.in,2026-02-25 15:36:45
Nawab Saheb Kunta,Hyderabad,N/A,₹45.00 L,N/A,1 sqft,N/A,N/A,BUY,NOT_FURNISHED,nobroker.in,2026-02-25 15:36:45
"19-4-281/M/37/75, Ansari Rd, Saleheen Colony, Nawab Saheb Kunta, Hyderabad, Telangana 500053, India",Hyderabad,N/A,₹1.42 Cr,N/A,N/A,N/A,N/A,BUY,NOT_FURNISHED,nobroker.in,2026-02-25 15:36:45
Tad Bun,Hyderabad,N/A,₹1.05 Cr,N/A,N/A,N/A,N/A,BUY,FULLY_FURNISHED,nobroker.in,2026-02-25 15:36:45
Nawab Saheb Kunta,Hyderabad,N/A,₹70.00 L,N/A,N/A,N/A,N/A,BUY,NOT_FURNISHED,nobroker.in,2026-02-25 15:36:51
Nawab saheb kunta,Hyderabad,N/A,₹32.00 L,N/A,N/A,N/A,N/A,BUY,NOT_FURNISHED,nobroker.in,2026-02-25 15:36:51
Nawab Saheb Kunta,Hyderabad,N/A,₹2.77 Cr,N/A,1 sqft,N/A,N/A,BUY,NOT_FURNISHED,nobroker.in,2026-02-25 15:36:51
Kalapatther,Hyderabad,N/A,₹25.00 L,N/A,N/A,N/A,N/A,BUY,NOT_FURNISHED,nobroker.in,2026-02-25 15:36:51
"Kalapather,",Hyderabad,N/A,₹30.00 L,N/A,650 sqft,N/A,N/A,BUY,NOT_FURNISHED,nobroker.in,2026-02-25 15:36:51
Tad Bun,Hyderabad,N/A,₹1.55 Cr,N/A,1 sqft,N/A,N/A,BUY,NOT_FURNISHED,nobroker.in,2026-02-25 15:36:51
Charminar,Hyderabad,N/A,₹36.00 L,N/A,660 sqft,N/A,N/A,BUY,NOT_FURNISHED,nobroker.in,2026-02-25 15:36:51
Nawab Saheb Kunta,Hyderabad,N/A,₹62.00 L,N/A,2 sqft,N/A,N/A,BUY,NOT_FURNISHED,nobroker.in,2026-02-25 15:36:51
kala pathar,Hyderabad,N/A,₹1.60 Cr,N/A,N/A,N/A,N/A,BUY,NOT_FURNISHED,nobroker.in,2026-02-25 15:36:51
Nawab Saheb Kunta,Hyderabad,N/A,₹1.50 Cr,N/A,N/A,N/A,N/A,BUY,NOT_FURNISHED,nobroker.in,2026-02-25 15:36:51
Nawab Saheb Kunta,Hyderabad,N/A,₹30.00 L,N/A,1 sqft,N/A,N/A,BUY,NOT_FURNISHED,nobroker.in,2026-02-25 15:36:51
Falaknuma,Hyderabad,N/A,₹52.00 L,N/A,1 sqft,N/A,N/A,BUY,NOT_FURNISHED,nobroker.in,2026-02-25 15:36:51
Falaknuma,Hyderabad,N/A,₹65.00 L,N/A,N/A,N/A,N/A,BUY,NOT_FURNISHED,nobroker.in,2026-02-25 15:36:51
Nawab Saheb Kunta,Hyderabad,N/A,₹71.00 L,N/A,900 sqft,N/A,N/A,BUY,SEMI_FURNISHED,nobroker.in,2026-02-25 15:36:51
Falaknuma,Hyderabad,N/A,₹2.10 Cr,N/A,N/A,N/A,N/A,BUY,NOT_FURNISHED,nobroker.in,2026-02-25 15:36:51
Falaknuma,Hyderabad,N/A,₹1.20 Cr,N/A,N/A,N/A,N/A,BUY,FULLY_FURNISHED,nobroker.in,2026-02-25 15:36:51
"Nawab Saheb Kunta,",Hyderabad,N/A,₹1.06 Cr,N/A,1 sqft,N/A,N/A,BUY,NOT_FURNISHED,nobroker.in,2026-02-25 15:36:51
jahanuma,Hyderabad,N/A,₹4.50 Cr,N/A,1 sqft,N/A,N/A,BUY,NOT_FURNISHED,nobroker.in,2026-02-25 15:36:51
"Khaja Pahadi, Tad Bun,",Hyderabad,N/A,₹1.05 Cr,N/A,1 sqft,N/A,N/A,BUY,SEMI_FURNISHED,nobroker.in,2026-02-25 15:36:51
